<?xml version='1.0' encoding='UTF-8'?>  
<!DOCTYPE hibernate-configuration PUBLIC  
          "-//Hibernate/Hibernate Configuration DTD 5.3//EN"  
          "http://hibernate.sourceforge.net/hibernate-configuration-5.3.dtd">  
  
<hibernate-configuration>  
  
    <!-- <session-factory>  
        <property name="hbm2ddl.auto">update</property>  
        <property name="dialect">org.hibernate.dialect.Oracle9Dialect</property>  
        <property name="connection.url">jdbc:oracle:thin:@localhost:1521:xe</property>  
        <property name="connection.username">system</property>  
        <property name="connection.password">oracle</property>  
        <property name="connection.driver_class">oracle.jdbc.driver.OracleDriver</property>  
    <mapping resource="employee.hbm.xml"/>  
    </session-factory>  --> 
    
    <session-factory>  
        <property name="hbm2ddl.auto">update</property>  
        <property name="dialect"> org.hibernate.dialect.MySQLDialect</property>  
        <property name="connection.url">jdbc:mysql://localhost:3306/firsthp</property>  
        <property name="connection.username">root</property>  
        <property name="connection.password"></property>  
        <property name="connection.driver_class"> com.mysql.jdbc.Driver</property>  
    <mapping resource="employee.hbm.xml"/>  
    <mapping resource="Course.hbm.xml"/>
    </session-factory> 
    
   
  
</hibernate-configuration>  